<?xml version="1.0" encoding="utf-8"?>
<rdf:RDF xmlns:rdf="http://www.w3.org/1999/02/22-rdf-syntax-ns#" xmlns:hydro="http://www.cas.ac.cn/hydrology#">
  <rdf:Description about="DEP_FS">
    <hydro:hasInputs>
      <rdf:Bag>
	   <rdf:li>INLO</rdf:li>
      </rdf:Bag>
    </hydro:hasInputs>
    <hydro:hasOptionalInputs>
      <rdf:Bag>
       <rdf:li>PET</rdf:li>
      </rdf:Bag>
    </hydro:hasOptionalInputs>
    <hydro:hasOutputs>
      <rdf:Bag>
        <rdf:li>DEET</rdf:li>
		<rdf:li>DPST</rdf:li>
        <rdf:li>SURU</rdf:li>
        <rdf:li>STCAPSURPLUS</rdf:li>
      </rdf:Bag>
    </hydro:hasOutputs>
	<hydro:algorithm>Depression-Fill and Spill method</hydro:algorithm>
  </rdf:Description>
</rdf:RDF>
