<?xml version="1.0" encoding="utf-8"?>
<rdf:RDF xmlns:rdf="http://www.w3.org/1999/02/22-rdf-syntax-ns#" xmlns:hydro="http://www.cas.ac.cn/hydrology#">
  <rdf:Description about="GWATER_RESERVOIR">
    <hydro:hasInputs>
      <rdf:Bag>
        <rdf:li>PERCOLATION</rdf:li>
      </rdf:Bag>
    </hydro:hasInputs>
    <hydro:hasOutputs>
      <rdf:Bag>
        <rdf:li>SBQG</rdf:li>
        <rdf:li>SBGS</rdf:li>
      </rdf:Bag>
    </hydro:hasOutputs>
	<hydro:algorithm>Ground Water-hour linear reservoir method</hydro:algorithm>
  </rdf:Description>
</rdf:RDF>
