<?xml version="1.0" encoding="utf-8"?>
<rdf:RDF xmlns:rdf="http://www.w3.org/1999/02/22-rdf-syntax-ns#" xmlns:hydro="http://www.cas.ac.cn/hydrology#">
  <rdf:Description about="PERCO_DARCY">
    <hydro:hasInputs>
      <rdf:Bag>
        <rdf:li>SOMO</rdf:li>
      </rdf:Bag>
    </hydro:hasInputs>
    <hydro:hasOutputs>
      <rdf:Bag>
        <rdf:li>PERCOLATION</rdf:li>
      </rdf:Bag>
    </hydro:hasOutputs>
	<hydro:algorithm>Percolation-DARCY</hydro:algorithm>
  </rdf:Description>
</rdf:RDF>
