<?xml version="1.0" encoding="utf-8"?>
<rdf:RDF xmlns:rdf="http://www.w3.org/1999/02/22-rdf-syntax-ns#" xmlns:hydro="http://www.cas.ac.cn/hydrology#">
  <rdf:Description about="PET_H">
    <hydro:hasInputs>
      <rdf:Bag>
        <rdf:li>TMAX</rdf:li>
        <rdf:li>TMIN</rdf:li>
      </rdf:Bag>
    </hydro:hasInputs>
    <hydro:hasOutputs>
      <rdf:Bag>
        <rdf:li>PET</rdf:li>
      </rdf:Bag>
    </hydro:hasOutputs>
	<hydro:algorithm>PET-Hargreaves</hydro:algorithm>
  </rdf:Description>
</rdf:RDF>
