<?xml version="1.0" encoding="utf-8"?>
<rdf:RDF xmlns:rdf="http://www.w3.org/1999/02/22-rdf-syntax-ns#" xmlns:hydro="http://www.cas.ac.cn/hydrology#">
  <rdf:Description about="SET_LM">
    <hydro:hasInputs>
      <rdf:Bag>
        <rdf:li>PET</rdf:li>
        <rdf:li>INET</rdf:li>
        <rdf:li>DEET</rdf:li>
        <rdf:li>SOMO</rdf:li>
        <rdf:li>SOTE</rdf:li>
        <!--<rdf:li>GRRE</rdf:li>-->
        <rdf:li>INFIL</rdf:li>
        <!--<rdf:li>SSRU</rdf:li>-->
      </rdf:Bag>
    </hydro:hasInputs>
    <hydro:hasOptionalInputs>
      <rdf:Bag>
       <rdf:li>GRRE</rdf:li>
       <rdf:li>SSRU</rdf:li>
      </rdf:Bag>
    </hydro:hasOptionalInputs>
    <hydro:hasOutputs>
      <rdf:Bag>
        <rdf:li>SOET</rdf:li>
      </rdf:Bag>
    </hydro:hasOutputs>
	<hydro:algorithm>Soil Evaporation-Evaporation method in WetSpa</hydro:algorithm>
  </rdf:Description>
</rdf:RDF>
