<?xml version="1.0" encoding="utf-8"?>
<rdf:RDF xmlns:rdf="http://www.w3.org/1999/02/22-rdf-syntax-ns#" xmlns:hydro="http://www.cas.ac.cn/hydrology#">
  <rdf:Description about="SNO_WB">
    <hydro:hasInputs>
      <rdf:Bag>
        <rdf:li>NEPR</rdf:li>
        <rdf:li>SNRD</rdf:li>
        <rdf:li>SNSB</rdf:li>
        <rdf:li>SNME</rdf:li>
        <rdf:li>TMIN</rdf:li>
        <rdf:li>TMAX</rdf:li>
        <rdf:li>P</rdf:li>
        <rdf:li>T_WS</rdf:li>
      </rdf:Bag>
    </hydro:hasInputs>
    <hydro:hasOutputs>
      <rdf:Bag>
        <rdf:li>SNAC</rdf:li>
        <rdf:li>SNWB</rdf:li>
        <rdf:li>SWE</rdf:li>
      </rdf:Bag>
    </hydro:hasOutputs>    
    <hydro:algorithm>Snow Melt-Snow melt in WetSpa</hydro:algorithm>
  </rdf:Description>
</rdf:RDF>
