<?xml version="1.0" encoding="utf-8"?>
<rdf:RDF xmlns:rdf="http://www.w3.org/1999/02/22-rdf-syntax-ns#" xmlns:hydro="http://www.cas.ac.cn/hydrology#">
  <rdf:Description about="SOL_WB">
    <hydro:hasInputs>
      <rdf:Bag>
        <rdf:li>P</rdf:li>
        <rdf:li>NEPR</rdf:li>
        <rdf:li>INLO</rdf:li>
        <rdf:li>INET</rdf:li>
        <rdf:li>DPST</rdf:li>
        <rdf:li>DEET</rdf:li>
        <rdf:li>INFIL</rdf:li>
        <rdf:li>SOET</rdf:li>
        <!--<rdf:li>GRRE</rdf:li> -->
        <!--<rdf:li>REVAP</rdf:li> -->
        <rdf:li>SURU</rdf:li>
        <!--<rdf:li>SSRU</rdf:li> -->
        <!--<rdf:li>RG</rdf:li> -->
        <rdf:li>SOMO</rdf:li>
        <rdf:li>TMIN</rdf:li>
        <rdf:li>TMAX</rdf:li>
        <rdf:li>SOTE</rdf:li>
      </rdf:Bag>
    </hydro:hasInputs>
    <hydro:hasOptionalInputs>
      <rdf:Bag>
       <rdf:li>RG</rdf:li>
       <rdf:li>GRRE</rdf:li>
       <rdf:li>REVAP</rdf:li>
       <rdf:li>SSRU</rdf:li>
      </rdf:Bag>
    </hydro:hasOptionalInputs>
    <hydro:hasOutputs>
      <rdf:Bag>
        <rdf:li>SOWB</rdf:li>
      </rdf:Bag>
    </hydro:hasOutputs>
	<hydro:algorithm>Water Balance-Soil water balance method</hydro:algorithm>
  </rdf:Description>
</rdf:RDF>
