<?xml version="1.0" encoding="utf-8"?>
<rdf:RDF xmlns:rdf="http://www.w3.org/1999/02/22-rdf-syntax-ns#" xmlns:hydro="http://www.cas.ac.cn/hydrology#">
  <rdf:Description about="SSR_DA">
    <hydro:hasInputs>
      <rdf:Bag>
        <rdf:li>GRRE</rdf:li>
        <rdf:li>INFIL</rdf:li>
        <rdf:li>SOMO</rdf:li>
        <rdf:li>SOTE</rdf:li>
      </rdf:Bag>
    </hydro:hasInputs>
    <hydro:hasOutputs>
      <rdf:Bag>
        <rdf:li>SSRU</rdf:li>
		<rdf:li>SBIF</rdf:li>
		<rdf:li>SSRUVOL</rdf:li>
      </rdf:Bag>
    </hydro:hasOutputs>
	<hydro:algorithm>Subsurface Flow-Darcy formula</hydro:algorithm>
  </rdf:Description>
</rdf:RDF>
