<?xml version="1.0" encoding="utf-8"?>
<rdf:RDF xmlns:rdf="http://www.w3.org/1999/02/22-rdf-syntax-ns#" xmlns:hydro="http://www.cas.ac.cn/hydrology#">
  <rdf:Description about="SUR_XAJ">
    <hydro:hasInputs>
      <rdf:Bag>
        <rdf:li>PET</rdf:li>
        <rdf:li>INET</rdf:li>
        <rdf:li>NEPR</rdf:li>
        <rdf:li>DPST</rdf:li>
      </rdf:Bag>
    </hydro:hasInputs>
    <hydro:hasOutputs>
      <rdf:Bag>
        <rdf:li>SOMO</rdf:li>
        <rdf:li>EXCP</rdf:li>
        <rdf:li>INFIL</rdf:li>
        <rdf:li>INFILCAPSURPLUS</rdf:li>
        <rdf:li>ACCUMUINFIL</rdf:li>
      </rdf:Bag>
    </hydro:hasOutputs>
    <hydro:algorithm>Infiltration-XinAnjiang model</hydro:algorithm>
  </rdf:Description>
</rdf:RDF>
