<?xml version="1.0" encoding="utf-8"?>
<rdf:RDF xmlns:rdf="http://www.w3.org/1999/02/22-rdf-syntax-ns#" xmlns:hydro="http://www.cas.ac.cn/hydrology#">
  <rdf:Description about="UnsaturatedFlow">
    <hydro:hasInputs>
      <rdf:Bag>
        <rdf:li>PET</rdf:li>
        <rdf:li>INET</rdf:li>
        <rdf:li>DEET</rdf:li>
        <rdf:li>SOMO</rdf:li>
        <rdf:li>SOTE</rdf:li>
        <rdf:li>GRRE</rdf:li>
        <rdf:li>INFIL</rdf:li>
        <rdf:li>SSRU</rdf:li>
      </rdf:Bag>
    </hydro:hasInputs>
    <hydro:hasOutputs>
      <rdf:Bag>
        <rdf:li>SOET</rdf:li>
      </rdf:Bag>
    </hydro:hasOutputs>
    <hydro:algorithm>Unsaturated flow-Unsaturated flow method</hydro:algorithm>
  </rdf:Description>
</rdf:RDF>
